code,name,muni_code,dc_code,prov_code,population,area_km2
PD210001,St Francis Bay,EC108,DC10,EC,9626,117.68
PD210002,Jeffreys Bay,EC108,DC10,EC,36704,260.57
PD210003,Humansdorp,EC108,DC10,EC,30198,1339.42
PD210004,Storms River,EC109,DC10,EC,13147,694.58
PD210005,Kareedouw,EC109,DC10,EC,10273,1233.49
PD210006,Thornhill,EC108,DC10,EC,6062,368.27
PD210007,Hankey,EC108,DC10,EC,20844,381.38
PD210008,Joubertina,EC109,DC10,EC,12895,1251.95
PD210009,Patensie,EC108,DC10,EC,3787,965.86
PD210010,Kariega,EC106,DC10,EC,37147,1547.87
PD210011,Alexandria,EC106,DC10,EC,18853,907.34
PD210012,Kinkelbos,EC106,DC10,EC,2705,421.39
PD210013,Kenton On Sea,EC105,DC10,EC,17544,247.95
PD210014,Baviaanskloof,EC101,DC10,EC,420,1420.65
PD210015,Port Alfred,EC105,DC10,EC,16022,366.60
PD210016,Addo,EC106,DC10,EC,25004,506.93
PD210017,Nemato,EC105,DC10,EC,24184,60.63
PD210018,Seven Fountains,EC104,DC10,EC,671,635.60
PD210019,Bathurst,EC105,DC10,EC,10702,458.88
PD210020,Paterson,EC106,DC10,EC,9132,1031.49
PD210021,Wolwefontein,EC106,DC10,EC,337,1550.20
PD210022,Seafield,EC105,DC10,EC,1351,402.60
PD210023,Nqweba,EC106,DC10,EC,17755,1301.76
PD210024,Steytlerville,EC101,DC10,EC,6831,3276.12
PD210025,Makhanda,EC104,DC10,EC,41445,903.23
PD210026,Alicedale,EC104,DC10,EC,4818,437.58
PD210027,Joza,EC104,DC10,EC,49429,125.16
PD210028,Willowmore,EC101,DC10,EC,13159,4339.34
PD210029,Committees,EC104,DC10,EC,98,366.10
PD210030,Riebeeck East,EC104,DC10,EC,679,782.97
PD210031,Fort Brown,EC104,DC10,EC,675,1264.97
PD210032,Jansenville,EC101,DC10,EC,9594,3315.08
PD210033,Klipplaat,EC101,DC10,EC,4471,1234.80
PD210034,Rietbron,EC101,DC10,EC,2032,2014.86
PD210035,Cookhouse,EC102,DC10,EC,10609,2080.54
PD210036,KwaNojoli,EC102,DC10,EC,29987,3873.22
PD210037,Bedford,EC102,DC10,EC,14954,2124.24
PD210038,Pearston,EC102,DC10,EC,8565,2563.32
PD210039,Aberdeen,EC101,DC10,EC,12870,6799.98
PD210040,Graaff-Reinet,EC101,DC10,EC,51730,6855.16
PD212001,Moyeni,EC126,DC12,EC,7744,240.20
PD212002,Hamburg,EC126,DC12,EC,2089,57.08
PD212003,Bell,EC126,DC12,EC,7461,395.38
PD212004,Peddie,EC126,DC12,EC,26763,754.00
PD212005,Tyefu,EC126,DC12,EC,5521,352.86
PD212006,Chungwa,EC129,DC12,EC,17936,436.91
PD212007,Alice,EC129,DC12,EC,46151,844.79
PD212008,KwaMaqoma,EC129,DC12,EC,40295,724.42
PD212009,Middledrift,EC129,DC12,EC,20314,274.64
PD212010,Bluewater,EC123,DC12,EC,9030,244.27
PD212011,Khwenxurha,EC123,DC12,EC,12754,208.42
PD212012,Healdtown,EC129,DC12,EC,5855,85.32
PD212013,Steve Vukile Tshwete,EC124,DC12,EC,19722,174.82
PD212014,Kei Road,EC124,DC12,EC,3237,408.87
PD212015,Keiskammahoek,EC124,DC12,EC,31669,558.77
PD212016,Adelaide,EC129,DC12,EC,20015,1176.14
PD212017,Kei Mouth,EC123,DC12,EC,5314,326.20
PD212018,Qumrha,EC123,DC12,EC,11899,931.94
PD212019,Balfour EC,EC129,DC12,EC,5509,423.43
PD212020,Stutterheim,EC124,DC12,EC,38137,519.45
PD212021,Seymour,EC129,DC12,EC,6377,340.69
PD212022,Khubusidrift,EC124,DC12,EC,84,253.70
PD212023,Hogsback,EC129,DC12,EC,1495,425.45
PD212024,Kei Bridge,EC122,DC12,EC,4995,142.15
PD212025,Centane,EC122,DC12,EC,75676,1134.46
PD212026,Doringkloof,EC129,DC12,EC,365,769.04
PD212027,Thomas River,EC124,DC12,EC,353,440.76
PD212028,Kolomane,EC129,DC12,EC,747,81.81
PD212029,Bholo,EC124,DC12,EC,4572,820.18
PD212030,Butterworth,EC122,DC12,EC,45115,403.01
PD212031,Cathcart,EC124,DC12,EC,10549,1083.26
PD212032,Msobomvu,EC122,DC12,EC,39911,138.59
PD212033,Willowvale,EC121,DC12,EC,71927,1425.93
PD212034,Ngqamakhwe,EC122,DC12,EC,61942,1239.51
PD212035,Elliotdale,EC121,DC12,EC,45532,529.47
PD212036,Dutywa,EC121,DC12,EC,98643,1219.91
PD212037,Kwaaiman,EC121,DC12,EC,48975,457.77
PD213001,Henderson,EC139,DC13,EC,521,444.61
PD213002,Whittlesea,EC139,DC13,EC,49500,506.96
PD213003,Nxuba,EC131,DC13,EC,49528,5938.21
PD213004,Kleinbulhoek,EC139,DC13,EC,8764,486.35
PD213005,Tylden,EC139,DC13,EC,773,682.66
PD213006,Tsomo,EC135,DC13,EC,44225,1027.41
PD213007,Ntabethemba,EC139,DC13,EC,12472,306.88
PD213008,Bridge Camp,EC139,DC13,EC,10540,601.07
PD213009,Tarkastad,EC139,DC13,EC,10882,3069.96
PD213010,Thornhill Ciskei,EC139,DC13,EC,8294,78.52
PD213011,Ilinge,EC139,DC13,EC,20600,132.13
PD213012,Komani,EC139,DC13,EC,38842,1236.34
PD213013,Mlungisi,EC139,DC13,EC,67933,14.34
PD213014,Bholothwa,EC136,DC13,EC,15058,496.98
PD213015,Ezibeleni,EC139,DC13,EC,39949,32.17
PD213016,Cofimvaba,EC135,DC13,EC,69740,1499.64
PD213017,Ngcobo,EC137,DC13,EC,99153,1703.63
PD213018,Glen Grey,EC136,DC13,EC,36222,793.35
PD213019,Cacadu,EC136,DC13,EC,58390,1253.62
PD213020,Hofmeyr,EC139,DC13,EC,7121,2320.10
PD213021,Sterkstroom,EC139,DC13,EC,10109,1676.25
PD213022,Dalasile,EC137,DC13,EC,31377,537.11
PD213023,Cala,EC138,DC13,EC,44647,927.12
PD213024,Middelburg EC,EC131,DC13,EC,28049,5649.88
PD213025,Indwe,EC136,DC13,EC,10282,529.31
PD213026,Molteno,EC139,DC13,EC,16672,1927.98
PD213027,Ida,EC136,DC13,EC,430,367.77
PD213028,Khowa,EC138,DC13,EC,21428,1684.30
PD214001,Dordrecht,EC145,DC14,EC,14681,1344.53
PD214002,Steynsburg,EC145,DC14,EC,13349,2734.97
PD214003,Ugie,EC141,DC14,EC,19392,979.59
PD214004,Rossouw,EC142,DC14,EC,723,600.23
PD214005,James Calata,EC145,DC14,EC,7632,1006.05
PD214006,Nqanqarhu,EC141,DC14,EC,15380,878.41
PD214007,Floukraal,EC145,DC14,EC,335,784.98
PD214008,Barkly East,EC142,DC14,EC,13019,2647.02
PD214009,Burgersdorp,EC145,DC14,EC,25762,3982.33
PD214010,Ngqayi,EC141,DC14,EC,17634,501.27
PD214011,Rhodes,EC142,DC14,EC,1399,1019.57
PD214012,Venterstad,EC145,DC14,EC,10502,1995.20
PD214013,Elands Height,EC141,DC14,EC,208,415.33
PD214014,Aliwal North,EC145,DC14,EC,22386,1193.67
PD214015,Lady Grey,EC142,DC14,EC,11066,1396.83
PD214016,Mbizeni,EC141,DC14,EC,475,180.63
PD214017,Maletswai,EC145,DC14,EC,23352,4.76
PD214018,Tlokoeng,EC141,DC14,EC,58979,976.45
PD214019,Zamuxolo,EC141,DC14,EC,9049,349.80
PD214020,Phumalanga,EC142,DC14,EC,14149,525.49
PD214021,Sterkspruit,EC142,DC14,EC,69039,781.66
PD214022,Tabase,EC141,DC14,EC,4639,321.85
PD214023,Palmietfontein,EC142,DC14,EC,38030,415.11
PD215001,Coffee Bay,EC157,DC15,EC,17437,130.93
PD215002,Mqanduli,EC157,DC15,EC,82910,844.66
PD215003,Bhityi,EC157,DC15,EC,77558,886.84
PD215004,Ngqeleni,EC155,DC15,EC,178615,1399.82
PD215005,Ngangelizwe,EC157,DC15,EC,58625,67.33
PD215006,Port St Johns,EC154,DC15,EC,79773,635.69
PD215007,Mthatha,EC157,DC15,EC,199451,867.94
PD215008,Madeira,EC157,DC15,EC,26728,17.31
PD215009,Libode,EC155,DC15,EC,123518,1077.62
PD215010,Lusikisiki,EC153,DC15,EC,258408,1598.29
PD215011,Tsolo,EC156,DC15,EC,102439,2102.66
PD215012,Hlababomvu,EC153,DC15,EC,37855,355.70
PD215013,Thina Falls,EC156,DC15,EC,23766,327.08
PD215014,Mtontsasa,EC153,DC15,EC,44443,523.39
PD215015,Qumbu,EC156,DC15,EC,45076,488.15
PD215016,Flagstaff,EC153,DC15,EC,135461,786.58
PD215017,Sulenkama,EC156,DC15,EC,20184,564.67
PD244001,Mpisi,EC443,DC44,EC,28388,384.92
PD244002,Ntabankulu,EC444,DC44,EC,136446,1396.66
PD244003,Kwandengane,EC443,DC44,EC,35121,305.03
PD244004,Mzamba,EC443,DC44,EC,83425,523.52
PD244005,Qhasa,EC443,DC44,EC,33873,267.75
PD244006,Mbizana,EC443,DC44,EC,151462,777.83
PD244007,KwaBhaca,EC442,DC44,EC,123252,1655.56
PD244008,MaXesibeni,EC442,DC44,EC,115035,1063.49
PD244009,Lukholweni,EC441,DC44,EC,18552,429.52
PD244010,Cedarville,EC441,DC44,EC,8848,686.24
PD244011,Pholile,EC441,DC44,EC,28788,452.54
PD244012,Matatiele,EC441,DC44,EC,14746,612.71
PD244013,Avondale,EC441,DC44,EC,33434,878.03
PD244014,Maloti,EC441,DC44,EC,90436,613.16
PD244015,Afsondering,EC441,DC44,EC,23581,507.44
PD260001,Chalumna,BUF,BUF,EC,11409,226.42
PD260002,Kidds Beach,BUF,BUF,EC,16544,263.61
PD260003,Punzana,BUF,BUF,EC,17908,351.52
PD260004,East London,BUF,BUF,EC,76797,219.73
PD260005,Buffalo Flats,BUF,BUF,EC,58511,9.41
PD260006,Duncan Village,BUF,BUF,EC,67639,7.38
PD260007,Tamara,BUF,BUF,EC,20025,354.12
PD260008,Scenery Park,BUF,BUF,EC,66926,36.78
PD260009,Inyibiba,BUF,BUF,EC,51809,23.08
PD260010,Mdantsane,BUF,BUF,EC,92458,28.73
PD260011,Cambridge,BUF,BUF,EC,68957,102.39
PD260012,Ndevana,BUF,BUF,EC,32235,44.25
PD260013,Zwelitsha,BUF,BUF,EC,49118,70.85
PD260014,Vulindlela,BUF,BUF,EC,92701,132.67
PD260015,Beacon Bay,BUF,BUF,EC,46091,81.73
PD260016,Ntabozuko,BUF,BUF,EC,14998,226.32
PD260017,Gonubie,BUF,BUF,EC,43555,202.62
PD260018,Qonce,BUF,BUF,EC,46776,73.64
PD260019,Dimbaza,BUF,BUF,EC,58242,193.35
PD260020,Bhisho,BUF,BUF,EC,19640,52.31
PD260021,Macleantown,BUF,BUF,EC,12077,194.74
PD260022,Zele,BUF,BUF,EC,32529,268.44
PD299001,Humewood,NMA,NMA,EC,24204,57.01
PD299002,Walmer,NMA,NMA,EC,65149,101.99
PD299003,Mount Road,NMA,NMA,EC,41485,29.73
PD299004,Kabega Park,NMA,NMA,EC,78118,491.55
PD299005,Gelvandale,NMA,NMA,EC,36658,19.68
PD299006,Algoapark,NMA,NMA,EC,48615,16.15
PD299007,New Brighton,NMA,NMA,EC,94783,10.89
PD299008,Bethelsdorp,NMA,NMA,EC,93238,36.45
PD299009,Kwazakele,NMA,NMA,EC,107496,15.51
PD299010,Chatty,NMA,NMA,EC,46283,26.42
PD299011,Kwadwesi,NMA,NMA,EC,69970,26.19
PD299012,Kwanobuhle,NMA,NMA,EC,108659,24.36
PD299013,Despatch,NMA,NMA,EC,30930,38.16
PD299014,Ikamvelihle,NMA,NMA,EC,55471,6.23
PD299015,Motherwell,NMA,NMA,EC,132414,38.56
PD299016,Kamesh,NMA,NMA,EC,68326,19.46
PD299017,Swartkops,NMA,NMA,EC,49167,426.23
PD416001,Goedemoed,FS163,DC16,FS,2027,827.35
PD416002,Gariepdam,FS162,DC16,FS,2097,615.10
PD416003,Bethulie,FS162,DC16,FS,8071,1984.36
PD416004,Rouxville,FS163,DC16,FS,9801,1943.46
PD416005,Springfontein,FS162,DC16,FS,4299,1211.96
PD416006,Zastron,FS163,DC16,FS,17255,1943.58
PD416007,Philippolis,FS162,DC16,FS,3774,2592.14
PD416008,Smithfield,FS163,DC16,FS,7579,2857.53
PD416009,Trompsburg,FS162,DC16,FS,6779,1838.00
PD416010,Luckhoff,FS161,DC16,FS,5317,1609.42
PD416011,Jagersfontein,FS162,DC16,FS,6650,1205.44
PD416012,Edenburg,FS162,DC16,FS,8031,2009.69
PD416013,Fauresmith,FS162,DC16,FS,4167,2026.29
PD416014,Reddersburg,FS162,DC16,FS,7874,1468.05
PD416015,Wanda,FS161,DC16,FS,488,1190.30
PD416016,Steunmekaar,FS162,DC16,FS,74,961.80
PD416017,Koffiefontein,FS161,DC16,FS,14374,1992.84
PD416018,Tierpoort,FS162,DC16,FS,315,1632.69
PD416019,Jacobsdal,FS161,DC16,FS,10572,2018.67
PD416020,Petrusburg,FS161,DC16,FS,12290,2629.24
PD418001,Glen,FS181,DC18,FS,1250,819.19
PD418002,Verkeerdevlei,FS181,DC18,FS,3123,1131.43
PD418003,Dealesville,FS182,DC18,FS,7386,2058.62
PD418004,Brandfort,FS181,DC18,FS,19227,1766.91
PD418005,Boshof,FS182,DC18,FS,10354,4872.27
PD418006,Winburg,FS181,DC18,FS,15230,2127.06
PD418007,Theunissen,FS184,DC18,FS,26755,1879.40
PD418008,Bultfontein,FS183,DC18,FS,32982,3216.87
PD418009,Virginia,FS184,DC18,FS,25404,551.32
PD418010,Meloding,FS184,DC18,FS,51029,11.29
PD418011,Ventersburg,FS184,DC18,FS,14769,1268.87
PD418012,Hertzogville,FS182,DC18,FS,12390,3181.57
PD418013,Bronville,FS184,DC18,FS,37569,34.45
PD418014,Welkom,FS184,DC18,FS,61336,521.93
PD418015,Thabong,FS184,DC18,FS,125633,36.61
PD418016,Hennenman,FS184,DC18,FS,29253,938.09
PD418017,Hoopstad,FS183,DC18,FS,23256,2479.43
PD418018,Odendaalsrus,FS184,DC18,FS,71588,816.75
PD418019,Wesselsbron,FS185,DC18,FS,31852,1842.01
PD418020,Allanridge,FS184,DC18,FS,21147,264.90
PD418021,Bothaville,FS185,DC18,FS,58751,2373.56
PD419001,Hobhouse,FS196,DC19,FS,5390,656.19
PD419002,Kommissiepoort,FS196,DC19,FS,814,481.04
PD419003,Tweespruit,FS196,DC19,FS,8991,559.88
PD419004,Ladybrand,FS196,DC19,FS,33220,1087.31
PD419005,Excelsior,FS196,DC19,FS,7304,1186.18
PD419006,Clocolan,FS191,DC19,FS,23053,1051.86
PD419007,Ficksburg,FS191,DC19,FS,51667,970.20
PD419008,Tseseng,FS194,DC19,FS,34132,212.49
PD419009,Marquard,FS191,DC19,FS,19866,1426.99
PD419010,Namahadi,FS194,DC19,FS,68537,128.41
PD419011,Tseki,FS194,DC19,FS,79211,164.31
PD419012,Fouriesburg,FS192,DC19,FS,18220,1089.88
PD419013,Rosendal,FS192,DC19,FS,4152,706.44
PD419014,Makwane,FS194,DC19,FS,51282,178.31
PD419015,Clarens,FS192,DC19,FS,9753,630.46
PD419016,Phuthaditjhaba,FS194,DC19,FS,95038,739.76
PD419017,Senekal,FS191,DC19,FS,33163,2046.36
PD419018,Paul Roux,FS192,DC19,FS,7637,935.75
PD419019,Harrismith,FS194,DC19,FS,59514,2372.32
PD419020,Bethlehem,FS192,DC19,FS,25751,1242.82
PD419021,Kestell,FS192,DC19,FS,11592,1057.41
PD419022,Bohlokong,FS192,DC19,FS,66138,847.09
PD419023,Arlington,FS193,DC19,FS,5125,772.51
PD419024,Verkykerskop,FS195,DC19,FS,1479,1970.59
PD419025,Warden,FS195,DC19,FS,15714,1344.55
PD419026,Lindley,FS193,DC19,FS,13095,1107.80
PD419027,Reitz,FS193,DC19,FS,30866,2090.76
PD419028,Memel,FS195,DC19,FS,10340,1709.30
PD419029,Petrus Steyn,FS193,DC19,FS,16329,1141.69
PD419030,Tweeling,FS193,DC19,FS,7428,888.47
PD419031,Roadside,FS195,DC19,FS,385,855.30
PD419032,Vrede,FS195,DC19,FS,23477,2238.91
PD420001,Steynsrus,FS201,DC20,FS,11421,1213.13
PD420002,Maokeng,FS201,DC20,FS,80643,46.80
PD420003,Kroonstad,FS201,DC20,FS,26951,2376.01
PD420004,Edenville,FS203,DC20,FS,8274,1124.68
PD420005,Heuningspruit,FS203,DC20,FS,298,765.38
PD420006,Mafube,FS205,DC20,FS,30370,1730.67
PD420007,Heilbron,FS203,DC20,FS,29748,2471.40
PD420008,Koppies,FS203,DC20,FS,16540,1110.47
PD420009,Viljoenskroon,FS201,DC20,FS,31962,1374.99
PD420010,Cornelia,FS205,DC20,FS,5226,1216.62
PD420011,Vierfontein,FS201,DC20,FS,3769,1072.95
PD420012,Vredefort,FS201,DC20,FS,19125,1391.00
PD420013,Villiers,FS205,DC20,FS,18663,733.90
PD420014,Oranjeville,FS204,DC20,FS,6787,749.87
PD420015,Zamdela,FS204,DC20,FS,97928,381.04
PD420016,Parys,FS203,DC20,FS,15227,890.14
PD420017,Tumahole,FS203,DC20,FS,45953,11.02
PD420018,Deneysville,FS204,DC20,FS,25655,265.52
PD420019,Sasolburg,FS204,DC20,FS,27203,272.96
PD420020,Viljoensdrif,FS204,DC20,FS,885,196.41
PD499001,Van Stadensrus,MAN,MAN,FS,2308,606.08
PD499002,Wepener,MAN,MAN,FS,11634,1070.50
PD499003,Dewetsdorp,MAN,MAN,FS,12796,2433.23
PD499004,Thaba-Nchu,MAN,MAN,FS,19366,578.13
PD499005,Kagisanong,MAN,MAN,FS,93963,110.10
PD499006,Bloemspruit,MAN,MAN,FS,129412,729.70
PD499007,Boithuso,MAN,MAN,FS,127473,280.92
PD499008,Botshabelo,MAN,MAN,FS,91643,55.40
PD499009,Park Road,MAN,MAN,FS,66426,304.55
PD499010,Kopanong,MAN,MAN,FS,57948,11.60
PD499011,Mangaung,MAN,MAN,FS,44226,15.51
PD499012,Batho,MAN,MAN,FS,13766,2.30
PD499013,Heidedal,MAN,MAN,FS,20893,11.48
PD499014,Navalsig,MAN,MAN,FS,10413,249.68
PD499015,Selosesha,MAN,MAN,FS,79191,938.43
PD499016,Bainsvlei,MAN,MAN,FS,12456,1244.60
PD499017,Bayswater,MAN,MAN,FS,12465,158.66
PD499018,Soutpan,MAN,MAN,FS,4626,1075.54
PD742001,Vaal Marina,GT422,DC42,GP,1354,494.75
PD742002,Vereeniging,GT422,DC42,GP,70870,470.09
PD742003,Vanderbijlpark,GT421,DC42,GP,153288,139.32
PD742004,Sharpeville,GT421,DC42,GP,96872,18.32
PD742005,The Barrage,GT421,DC42,GP,9472,342.81
PD742006,Boipatong,GT421,DC42,GP,41760,12.76
PD742007,Ratanda,GT423,DC42,GP,79211,135.32
PD742008,Sebokeng,GT421,DC42,GP,231313,58.25
PD742009,Meyerton,GT422,DC42,GP,49025,271.66
PD742010,Evaton,GT421,DC42,GP,303721,44.03
PD742011,Heidelberg GP,GT422,DC42,GP,23195,584.84
PD742012,Orange Farms,GT421,DC42,GP,344130,263.37
PD742013,De Deur,GT422,DC42,GP,131148,264.57
PD742014,Kliprivier,GT422,DC42,GP,29336,349.36
PD742015,Nigel,GT423,DC42,GP,40050,393.09
PD742016,Devon,GT423,DC42,GP,17529,330.13
PD748001,Fochville,GT484,DC48,GP,64089,749.62
PD748002,Wedela,GT484,DC48,GP,24798,50.35
PD748003,Westonaria,GT485,DC48,GP,42077,468.97
PD748004,Khutsong,GT484,DC48,GP,70784,69.44
PD748005,Bekkersdal,GT485,DC48,GP,86218,144.36
PD748006,Carletonville,GT484,DC48,GP,65763,761.12
PD748007,Mohlakeng,GT485,DC48,GP,138517,87.86
PD748008,Randfontein,GT485,DC48,GP,63996,387.82
PD748009,Kagiso,GT481,DC48,GP,250726,69.93
PD748010,Tarlton,GT481,DC48,GP,22721,127.62
PD748011,Magaliesburg,GT481,DC48,GP,12057,257.47
PD748012,Krugersdorp,GT481,DC48,GP,114212,283.62
PD748013,Muldersdrift,GT481,DC48,GP,34257,202.79
PD748014,Hekpoort,GT481,DC48,GP,4244,402.13
PD797001,Zonkizizwe,EKU,EKU,GP,72653,51.47
PD797002,Edenpark,EKU,EKU,GP,218396,25.14
PD797003,Duduza,EKU,EKU,GP,113351,49.18
PD797004,Katlehong,EKU,EKU,GP,175795,23.76
PD797005,Vosloorus,EKU,EKU,GP,197246,28.42
PD797006,Tokoza,EKU,EKU,GP,117122,8.49
PD797007,Tsakane,EKU,EKU,GP,307951,54.39
PD797008,Dunnottar,EKU,EKU,GP,11070,49.87
PD797009,Katlehong North,EKU,EKU,GP,138770,14.24
PD797010,Brackendowns,EKU,EKU,GP,49644,43.57
PD797011,Dawn Park,EKU,EKU,GP,141917,52.96
PD797012,Kwa Thema,EKU,EKU,GP,130892,16.08
PD797013,Brakpan,EKU,EKU,GP,79098,169.21
PD797014,Alberton,EKU,EKU,GP,89972,49.31
PD797015,Elsburg,EKU,EKU,GP,56139,41.01
PD797016,Springs,EKU,EKU,GP,131838,385.46
PD797017,Boksburg,EKU,EKU,GP,62646,45.47
PD797018,Germiston,EKU,EKU,GP,74357,41.70
PD797019,Reigerpark,EKU,EKU,GP,79911,17.36
PD797020,Actonville,EKU,EKU,GP,73116,9.34
PD797021,Primrose,EKU,EKU,GP,84973,19.02
PD797022,Boksburg North,EKU,EKU,GP,35409,45.51
PD797023,Benoni,EKU,EKU,GP,112851,98.76
PD797024,Bedfordview,EKU,EKU,GP,48158,27.51
PD797025,Daveyton,EKU,EKU,GP,161315,15.05
PD797026,OR Tambo Intl Airport,EKU,EKU,GP,291,16.96
PD797027,Edenvale,EKU,EKU,GP,67703,22.59
PD797028,Etwatwa,EKU,EKU,GP,192131,26.67
PD797029,Crystalpark,EKU,EKU,GP,58732,67.74
PD797030,Kempton Park,EKU,EKU,GP,66629,98.58
PD797031,Putfontein,EKU,EKU,GP,94217,90.01
PD797032,Norkempark,EKU,EKU,GP,102021,34.95
PD797033,Tembisa South,EKU,EKU,GP,171458,8.95
PD797034,Tembisa,EKU,EKU,GP,314181,23.61
PD797035,Ivory Park,EKU,EKU,GP,426731,27.95
PD797036,Olifantsfontein,EKU,EKU,GP,36196,196.89
PD798001,Ennerdale,JHB,JHB,GP,186662,73.00
PD798002,Lenasia South,JHB,JHB,GP,147114,39.33
PD798003,Lenasia,JHB,JHB,GP,125262,44.82
PD798004,Eldorado Park,JHB,JHB,GP,128561,35.49
PD798005,Mondeor,JHB,JHB,GP,65175,115.40
PD798006,Kliptown,JHB,JHB,GP,88093,19.16
PD798007,Protea,JHB,JHB,GP,188170,39.09
PD798008,Moroka,JHB,JHB,GP,247551,23.19
PD798009,Naledi,JHB,JHB,GP,107389,7.30
PD798010,Diepkloof,JHB,JHB,GP,90093,16.48
PD798011,Moffatview,JHB,JHB,GP,35334,25.86
PD798012,Booysens,JHB,JHB,GP,70327,32.79
PD798013,Jabulani,JHB,JHB,GP,113980,9.60
PD798014,Orlando,JHB,JHB,GP,122868,16.88
PD798015,Doornkop,JHB,JHB,GP,115112,49.93
PD798016,Meadowlands,JHB,JHB,GP,168532,10.47
PD798017,Langlaagte,JHB,JHB,GP,21739,17.65
PD798018,Johannesburg Central,JHB,JHB,GP,37765,13.15
PD798019,Cleveland,JHB,JHB,GP,43979,24.20
PD798020,Dobsonville,JHB,JHB,GP,190892,27.03
PD798021,Jeppe,JHB,JHB,GP,52870,13.33
PD798022,Brixton,JHB,JHB,GP,23110,11.37
PD798023,Hillbrow,JHB,JHB,GP,152780,9.93
PD798024,Yeoville,JHB,JHB,GP,47891,5.63
PD798025,Florida,JHB,JHB,GP,78056,46.84
PD798026,Sophia Town,JHB,JHB,GP,70292,20.63
PD798027,Roodepoort,JHB,JHB,GP,218414,68.73
PD798028,Rosebank,JHB,JHB,GP,5825,5.92
PD798029,Parkview,JHB,JHB,GP,20353,18.45
PD798030,Norwood,JHB,JHB,GP,21239,24.07
PD798031,Fairland,JHB,JHB,GP,16845,12.47
PD798032,Linden,JHB,JHB,GP,47549,26.98
PD798033,Sandringham,JHB,JHB,GP,27003,22.72
PD798034,Bramley,JHB,JHB,GP,22666,23.61
PD798035,Alexandra,JHB,JHB,GP,190584,7.23
PD798036,Honeydew,JHB,JHB,GP,114243,92.32
PD798037,Sebenza,JHB,JHB,GP,18891,50.34
PD798038,Randburg,JHB,JHB,GP,20534,31.88
PD798039,Sandton,JHB,JHB,GP,53010,75.27
PD798040,Rabie Ridge,JHB,JHB,GP,181981,18.42
PD798041,Cosmo City,JHB,JHB,GP,111509,16.07
PD798042,Douglasdale,JHB,JHB,GP,76127,83.24
PD798043,Midrand,JHB,JHB,GP,87800,150.41
PD798044,Diepsloot,JHB,JHB,GP,192815,67.12
PD799001,Welbekend,TSH,TSH,GP,7286,499.01
PD799002,Olievenhoutbosch,TSH,TSH,GP,171409,76.00
PD799003,Lyttelton,TSH,TSH,GP,122340,152.79
PD799004,Erasmia,TSH,TSH,GP,25387,210.92
PD799005,Wierdabrug,TSH,TSH,GP,98572,74.88
PD799006,Boschkop,TSH,TSH,GP,97775,251.61
PD799007,Garsfontein,TSH,TSH,GP,107433,53.55
PD799008,Laudium,TSH,TSH,GP,52512,9.35
PD799009,Brooklyn,TSH,TSH,GP,47829,45.12
PD799010,Bronkhorstspruit,TSH,TSH,GP,78527,1430.12
PD799011,Pretoria Central,TSH,TSH,GP,59136,39.40
PD799012,Atteridgeville,TSH,TSH,GP,217532,80.07
PD799013,Sunnyside,TSH,TSH,GP,66845,19.59
PD799014,Pretoria West,TSH,TSH,GP,114606,45.85
PD799015,Silverton,TSH,TSH,GP,141380,55.36
PD799016,Pretoria Moot,TSH,TSH,GP,27540,11.90
PD799017,Mamelodi East,TSH,TSH,GP,405043,45.06
PD799018,Wonderboompoort,TSH,TSH,GP,16547,12.17
PD799019,Hercules,TSH,TSH,GP,59354,122.06
PD799020,Villieria,TSH,TSH,GP,34962,27.45
PD799021,Mamelodi,TSH,TSH,GP,117333,15.85
PD799022,Eersterust,TSH,TSH,GP,36956,7.72
PD799023,Ekangala,TSH,TSH,GP,74794,43.19
PD799024,Sinoville,TSH,TSH,GP,76475,95.77
PD799025,Akasia,TSH,TSH,GP,263468,153.80
PD799026,Kameeldrift,TSH,TSH,GP,19292,251.67
PD799027,Pretoria North,TSH,TSH,GP,57048,168.58
PD799028,Ga-Rankuwa,TSH,TSH,GP,175292,59.96
PD799029,Soshanguve,TSH,TSH,GP,213872,43.24
PD799030,Mabopane,TSH,TSH,GP,156524,42.74
PD799031,Cullinan,TSH,TSH,GP,52587,1328.84
PD799032,Loate,TSH,TSH,GP,185687,41.31
PD799033,Hammanskraal,TSH,TSH,GP,110299,589.57
PD799034,Rietgat,TSH,TSH,GP,271798,81.26
PD799035,Dube,TSH,TSH,GP,16879,66.41
PD799036,Temba,TSH,TSH,GP,260507,119.55
PD521001,Port Edward,KZN216,DC21,KZN,42835,202.08
PD521002,Margate,KZN216,DC21,KZN,64512,198.39
PD521003,Gamalakhe,KZN216,DC21,KZN,38881,21.80
PD521004,Ezinqoleni,KZN216,DC21,KZN,74684,432.34
PD521005,Paddock,KZN216,DC21,KZN,16176,301.79
PD521006,Port Shepstone,KZN216,DC21,KZN,91181,185.98
PD521007,Southport,KZN216,DC21,KZN,25207,127.05
PD521008,Harding,KZN214,DC21,KZN,112033,1062.75
PD521009,Mehlomnyama,KZN213,DC21,KZN,25587,261.14
PD521010,St Faiths,KZN213,DC21,KZN,18674,238.29
PD521011,Hibberdene,KZN213,DC21,KZN,69148,243.32
PD521012,Msinsini,KZN213,DC21,KZN,32095,444.11
PD521013,Umzinto,KZN212,DC21,KZN,59746,211.18
PD521014,Scottburgh,KZN212,DC21,KZN,35259,110.27
PD521015,Sawoti,KZN212,DC21,KZN,30166,366.80
PD521016,Dududu,KZN212,DC21,KZN,27305,298.37
PD522001,Mid Illovo,KZN226,DC22,KZN,11775,564.82
PD522002,Richmond KZN,KZN227,DC22,KZN,44513,904.83
PD522003,Thornville,KZN227,DC22,KZN,20562,206.77
PD522004,Camperdown,KZN226,DC22,KZN,24557,367.71
PD522005,Boston,KZN224,DC22,KZN,7425,411.37
PD522006,Taylors Halt,KZN225,DC22,KZN,122352,243.28
PD522007,Plessislaer,KZN225,DC22,KZN,323152,137.27
PD522008,Alexandra Road,KZN225,DC22,KZN,103687,97.31
PD522009,Umsunduzi,KZN221,DC22,KZN,51001,187.02
PD522010,Prestbury,KZN225,DC22,KZN,20407,21.36
PD522011,Pietermaritzburg,KZN225,DC22,KZN,23530,9.36
PD522012,Bishopstowe,KZN226,DC22,KZN,19491,137.70
PD522013,Town Hill,KZN225,DC22,KZN,22616,29.26
PD522014,Mpophomeni,KZN222,DC22,KZN,34106,174.49
PD522015,Mountain Rise,KZN225,DC22,KZN,187968,44.07
PD522016,Hilton,KZN222,DC22,KZN,21421,101.88
PD522017,Impendle,KZN224,DC22,KZN,33416,1283.27
PD522018,Wartburg,KZN221,DC22,KZN,36745,330.02
PD522019,Cramond,KZN221,DC22,KZN,16473,328.43
PD522020,Howick,KZN222,DC22,KZN,47525,632.94
PD522021,Nottingham Road,KZN222,DC22,KZN,3009,666.63
PD522022,Harburg,KZN221,DC22,KZN,12906,267.67
PD522023,New Hanover,KZN221,DC22,KZN,23772,321.14
PD522024,Dalton,KZN221,DC22,KZN,13890,355.04
PD522025,Mooi River,KZN223,DC22,KZN,30616,1478.68
PD523001,Ntabamhlophe,KZN237,DC23,KZN,53151,801.38
PD523002,Wembezi,KZN237,DC23,KZN,41163,188.80
PD523003,Amangwe,KZN237,DC23,KZN,46350,216.47
PD523004,Estcourt,KZN237,DC23,KZN,62392,934.62
PD523005,Winterton,KZN235,DC23,KZN,17383,999.03
PD523006,Upper Tugela,KZN235,DC23,KZN,29804,591.12
PD523007,Weenen,KZN237,DC23,KZN,27447,878.42
PD523008,Colenso,KZN238,DC23,KZN,13813,573.06
PD523009,Ematsheni,KZN235,DC23,KZN,31950,235.95
PD523010,Bergville,KZN235,DC23,KZN,62402,1665.61
PD523011,Ezakheni,KZN238,DC23,KZN,112192,473.61
PD523012,Ladysmith,KZN238,DC23,KZN,136219,889.77
PD523013,Ekuvukeni,KZN238,DC23,KZN,57989,281.15
PD523014,Van Reenen,KZN235,DC23,KZN,3500,308.79
PD523015,Besters,KZN238,DC23,KZN,33237,638.11
PD523016,Elandslaagte,KZN238,DC23,KZN,26582,1116.82
PD527001,Kwamsane,KZN275,DC27,KZN,155959,738.31
PD527002,Hlabisa,KZN276,DC27,KZN,39550,1060.83
PD527003,Mtubatuba,KZN275,DC27,KZN,44644,1385.79
PD527004,Ezibayeni,KZN276,DC27,KZN,24148,264.91
PD527005,Hluhluwe,KZN276,DC27,KZN,82412,1241.36
PD527006,Mkhuze,KZN272,DC27,KZN,20439,1639.82
PD527007,Mbazwana,KZN271,DC27,KZN,49604,1600.72
PD527008,Jozini,KZN271,DC27,KZN,79272,1236.17
PD527009,Ingwavuma,KZN272,DC27,KZN,80868,1070.76
PD527010,Emanguzi,KZN271,DC27,KZN,119867,2377.82
PD527011,Ndumo,KZN272,DC27,KZN,45730,658.76
PD528001,Sundumbili,KZN284,DC28,KZN,84606,298.62
PD528002,Gingindlovu,KZN284,DC28,KZN,47095,282.00
PD528003,Mbongolwane,KZN284,DC28,KZN,32950,471.03
PD528004,Mtunzini,KZN284,DC28,KZN,87044,517.78
PD528005,Esikhaleni,KZN282,DC28,KZN,129928,162.08
PD528006,Eshowe,KZN284,DC28,KZN,109204,858.67
PD528007,Richards Bay,KZN282,DC28,KZN,91992,233.76
PD528008,Empangeni,KZN282,DC28,KZN,174025,578.67
PD528009,Ekombe,KZN286,DC28,KZN,49409,1030.54
PD528010,Nkandla,KZN286,DC28,KZN,63748,886.12
PD528011,Melmoth,KZN285,DC28,KZN,98061,1738.38
PD528012,Kwambonambi,KZN281,DC28,KZN,106605,1039.22
PD528013,Ntambanana,KZN282,DC28,KZN,38617,455.23
PD543001,Kokstad,KZN433,DC43,KZN,73027,1018.91
PD543002,Ibisi,KZN435,DC43,KZN,63731,536.65
PD543003,Gowan Lea,KZN435,DC43,KZN,26928,581.07
PD543004,Franklin,KZN433,DC43,KZN,5349,388.19
PD543005,Umzimkhulu,KZN435,DC43,KZN,73929,565.93
PD543006,Highflats,KZN434,DC43,KZN,74286,961.34
PD543007,Swartberg,KZN433,DC43,KZN,2615,796.27
PD543008,Intsikeni,KZN435,DC43,KZN,50897,697.43
PD543009,Ixopo,KZN434,DC43,KZN,54434,810.99
PD543010,Creighton,KZN436,DC43,KZN,18598,294.26
PD543011,Evatt,KZN433,DC43,KZN,4429,618.78
PD543012,Donnybrook,KZN436,DC43,KZN,32887,498.88
PD543013,Bulwer,KZN436,DC43,KZN,64444,897.30
PD543014,Himeville,KZN436,DC43,KZN,18613,1927.60
PD554001,Rietvlei,KZN245,DC24,KZN,5470,539.70
PD554002,Ematimatolo,KZN245,DC24,KZN,40257,270.09
PD554003,Greytown,KZN245,DC24,KZN,49716,1020.52
PD554004,Muden,KZN245,DC24,KZN,12963,292.37
PD554005,Kranskop,KZN245,DC24,KZN,65280,1195.26
PD554006,Msinga,KZN244,DC24,KZN,139336,1082.68
PD554007,Nhlanhleni,KZN244,DC24,KZN,75697,786.93
PD554008,Helpmekaar,KZN244,DC24,KZN,30821,811.07
PD554009,Babanango,KZN242,DC24,KZN,31191,1266.26
PD554010,Nquthu,KZN242,DC24,KZN,128883,1100.64
PD554011,Wasbank,KZN241,DC24,KZN,7965,391.82
PD554012,Nondweni,KZN242,DC24,KZN,21043,109.01
PD554013,Dundee,KZN241,DC24,KZN,63438,815.10
PD555001,Glencoe,KZN254,DC25,KZN,28544,245.02
PD555002,Hattingspruit,KZN254,DC25,KZN,13089,226.79
PD555003,Dannhauser,KZN254,DC25,KZN,95934,1018.26
PD555004,Normandien,KZN254,DC25,KZN,2815,538.05
PD555005,Kingsley,KZN253,DC25,KZN,3635,774.03
PD555006,Osizweni,KZN254,DC25,KZN,214052,139.51
PD555007,Newcastle,KZN252,DC25,KZN,95395,808.40
PD555008,Madadeni,KZN252,DC25,KZN,216970,108.25
PD555009,Utrecht,KZN253,DC25,KZN,27223,1870.82
PD555010,Ingogo,KZN253,DC25,KZN,4618,582.92
PD555011,Charlestown,KZN252,DC25,KZN,8883,434.07
PD555012,Groenvlei,KZN253,DC25,KZN,5787,759.92
PD556001,Mpungamhlophe,KZN266,DC26,KZN,18862,161.07
PD556002,Ulundi,KZN266,DC26,KZN,86361,373.45
PD556003,Mahlabathini,KZN266,DC26,KZN,67251,838.09
PD556004,Mondlo,KZN263,DC26,KZN,121170,462.35
PD556005,Gluckstadt,KZN266,DC26,KZN,22377,1692.28
PD556006,Ceza,KZN266,DC26,KZN,34442,233.01
PD556007,Nongoma,KZN265,DC26,KZN,228414,2248.88
PD556008,Ngome,KZN263,DC26,KZN,13753,747.38
PD556009,Vryheid,KZN263,DC26,KZN,74113,1673.40
PD556010,Hlobane,KZN263,DC26,KZN,37621,571.18
PD556011,Louwsburg,KZN263,DC26,KZN,15907,1153.84
PD556012,Magudu,KZN262,DC26,KZN,8730,1047.80
PD556013,Paulpietersburg,KZN261,DC26,KZN,89597,1436.09
PD556014,Pongola,KZN262,DC26,KZN,135687,1029.18
PD559001,Ndwedwe,KZN293,DC29,KZN,117535,539.28
PD559002,Umhlali,KZN292,DC29,KZN,104345,361.11
PD559003,Nsuze,KZN293,DC29,KZN,63000,357.34
PD559004,Glendale,KZN293,DC29,KZN,13470,152.31
PD559005,Kwadukuza,KZN292,DC29,KZN,215634,476.87
PD559006,Newark,KZN291,DC29,KZN,19983,131.85
PD559007,Mandeni,KZN291,DC29,KZN,17973,82.95
PD559008,Maphumulo,KZN294,DC29,KZN,68808,480.10
PD559009,Nyoni,KZN291,DC29,KZN,59348,263.01
PD599001,Umkomaas,ETH,ETH,KZN,86790,174.44
PD599002,Amanzimtoti,ETH,ETH,KZN,76075,102.51
PD599003,Kwamakhutha,ETH,ETH,KZN,127366,43.98
PD599004,Umbumbulu,ETH,ETH,KZN,70186,319.91
PD599005,Folweni,ETH,ETH,KZN,84447,21.23
PD599006,Isipingo,ETH,ETH,KZN,56981,25.28
PD599007,Umlazi,ETH,ETH,KZN,324808,32.23
PD599008,Bhekithemba,ETH,ETH,KZN,175684,56.57
PD599009,Wentworth,ETH,ETH,KZN,47134,11.54
PD599010,Lamontville,ETH,ETH,KZN,42938,4.00
PD599011,Bayview,ETH,ETH,KZN,45617,11.76
PD599012,Montclair,ETH,ETH,KZN,35960,15.02
PD599013,Brighton Beach,ETH,ETH,KZN,48753,23.40
PD599014,Chatsworth,ETH,ETH,KZN,216415,36.95
PD599015,Bellair,ETH,ETH,KZN,30607,13.50
PD599016,Kwandengezi,ETH,ETH,KZN,77305,89.60
PD599017,Maydon Wharf,ETH,ETH,KZN,60,17.10
PD599018,Umbilo,ETH,ETH,KZN,38121,13.60
PD599019,Malvern,ETH,ETH,KZN,42217,19.72
PD599020,Point,ETH,ETH,KZN,17740,1.90
PD599021,Mariannhill,ETH,ETH,KZN,161550,49.76
PD599022,Cato Manor,ETH,ETH,KZN,196757,13.51
PD599023,Mpumalanga KZN,ETH,ETH,KZN,135588,117.54
PD599024,Berea,ETH,ETH,KZN,27422,7.08
PD599025,Mayville,ETH,ETH,KZN,43894,6.12
PD599026,Durban Central,ETH,ETH,KZN,32467,12.21
PD599027,Westville,ETH,ETH,KZN,27429,30.85
PD599028,Sydenham,ETH,ETH,KZN,76910,23.94
PD599029,Pinetown,ETH,ETH,KZN,95982,72.44
PD599030,Newlands East,ETH,ETH,KZN,91759,21.52
PD599031,Hammarsdale,ETH,ETH,KZN,28862,62.96
PD599032,Kwadabeka,ETH,ETH,KZN,96112,18.87
PD599033,Greenwood Park,ETH,ETH,KZN,76590,31.30
PD599034,Hillcrest,ETH,ETH,KZN,128458,201.35
PD599035,Kwamashu E,ETH,ETH,KZN,146394,14.22
PD599036,Ntuzuma,ETH,ETH,KZN,131881,16.01
PD599037,Durban North,ETH,ETH,KZN,32389,41.66
PD599038,Phoenix,ETH,ETH,KZN,284739,42.20
PD599039,Inchanga,ETH,ETH,KZN,66555,147.28
PD599040,Inanda,ETH,ETH,KZN,397209,242.41
PD599041,Verulam,ETH,ETH,KZN,192764,150.81
PD599042,King Shaka Intl Airport,ETH,ETH,KZN,25,20.51
PD599043,Tongaat,ETH,ETH,KZN,87654,107.04
PD933001,Hoedspruit,LIM335,DC33,LP,45739,2272.59
PD933002,Maake,LIM335,DC33,LP,215749,1046.94
PD933003,Gravelotte,LIM334,DC33,LP,3545,2127.87
PD933004,Phalaborwa,LIM334,DC33,LP,14251,312.55
PD933005,Namakgale,LIM334,DC33,LP,108141,379.17
PD933006,Haenertsburg,LIM333,DC33,LP,3753,971.38
PD933007,Ritavi,LIM333,DC33,LP,119779,191.75
PD933008,Tzaneen,LIM333,DC33,LP,58237,673.62
PD933009,Letsitele,LIM333,DC33,LP,107699,1011.96
PD933010,Lulekani,LIM334,DC33,LP,68275,1024.26
PD933011,Modjadjiskloof,LIM332,DC33,LP,33741,981.99
PD933012,Mokwakwaila,LIM332,DC33,LP,63702,480.15
PD933013,Bolobedu,LIM332,DC33,LP,150683,477.67
PD933014,Giyani,LIM331,DC33,LP,275563,2239.90
PD933015,Sekgosese,LIM332,DC33,LP,54605,305.63
PD933016,Muyexe,LIM331,DC33,LP,26688,448.83
PD934001,Hlanganani,LIM345,DC34,LP,77184,364.06
PD934002,Tshitale,LIM344,DC34,LP,30740,364.73
PD934003,Bandelierkop,LIM344,DC34,LP,19726,954.60
PD934004,Masisi,LIM345,DC34,LP,27077,10951.80
PD934005,Waterval,LIM344,DC34,LP,130795,296.70
PD934006,Vuwani,LIM345,DC34,LP,114839,379.15
PD934007,Tshilwavhusiku,LIM344,DC34,LP,89262,269.36
PD934008,Levubu,LIM344,DC34,LP,63103,437.79
PD934009,Malamulele,LIM345,DC34,LP,185674,876.23
PD934010,Mara,LIM344,DC34,LP,2777,1611.44
PD934011,Makhado,LIM344,DC34,LP,44431,1413.72
PD934012,Vhulaudzi,LIM344,DC34,LP,16757,44.24
PD934013,Thohoyandou,LIM343,DC34,LP,370990,846.63
PD934014,Siloam,LIM343,DC34,LP,67871,332.06
PD934015,Saselamani,LIM345,DC34,LP,88057,382.36
PD934016,Mphephu,LIM344,DC34,LP,101589,527.43
PD934017,Waterpoort,LIM344,DC34,LP,1713,1849.98
PD934018,Tshaulu,LIM343,DC34,LP,51171,274.88
PD934019,Mutale,LIM343,DC34,LP,69869,795.10
PD934020,Makuya,LIM343,DC34,LP,23061,699.89
PD934021,Muswodi,LIM341,DC34,LP,14580,275.14
PD934022,Alldays,LIM341,DC34,LP,5913,3670.86
PD934023,Tshamutumbu,LIM341,DC34,LP,14750,557.60
PD934024,Musina,LIM341,DC34,LP,69175,4581.42
PD935001,Magatle,LIM355,DC35,LP,61740,397.79
PD935002,Moletlane,LIM355,DC35,LP,52124,158.90
PD935003,Zebediela,LIM355,DC35,LP,829,638.72
PD935004,Lebowakgomo,LIM355,DC35,LP,176678,1146.01
PD935005,Malipsdrift,LIM355,DC35,LP,24424,807.54
PD935006,Westenburg,LIM354,DC35,LP,102252,1394.60
PD935007,Polokwane,LIM354,DC35,LP,57457,575.00
PD935008,Mankweng,LIM354,DC35,LP,262366,860.20
PD935009,Mashashane,LIM354,DC35,LP,65503,569.59
PD935010,Sebayeng,LIM354,DC35,LP,53622,255.92
PD935011,Seshego,LIM354,DC35,LP,219010,591.54
PD935012,Morebeng,LIM353,DC35,LP,16519,959.22
PD935013,Matlala,LIM354,DC35,LP,84028,1640.70
PD935014,Botlokwa,LIM353,DC35,LP,66108,648.33
PD935015,Mogwadi,LIM353,DC35,LP,24433,1487.43
PD935016,Senwabarwana,LIM351,DC35,LP,103647,1299.78
PD935017,Tolwe,LIM351,DC35,LP,1223,2530.64
PD935018,Maleboho,LIM351,DC35,LP,66508,1770.76
PD935019,Saamboubrug,LIM351,DC35,LP,221,1453.43
PD936001,Rust De Winter,LIM366,DC36,LP,3114,171.48
PD936002,Pienaarsrivier,LIM366,DC36,LP,2801,623.58
PD936003,Northam,LIM361,DC36,LP,19635,1285.53
PD936004,Bela-Bela,LIM366,DC36,LP,58173,2116.75
PD936005,Tuinplaas,LIM368,DC36,LP,595,822.71
PD936006,Rooiberg,LIM361,DC36,LP,6873,1658.39
PD936007,Modimolle,LIM368,DC36,LP,59205,1493.39
PD936008,Elandskraal,LIM368,DC36,LP,19594,485.88
PD936009,Roedtan,LIM368,DC36,LP,1796,1753.29
PD936010,Thabazimbi,LIM361,DC36,LP,36950,2370.98
PD936011,Dwaalboom,LIM361,DC36,LP,398,2457.36
PD936012,Rankin's Pass,LIM368,DC36,LP,2150,1020.11
PD936013,Naboomspruit,LIM368,DC36,LP,40743,2681.60
PD936014,Vaalwater,LIM368,DC36,LP,25335,1625.98
PD936015,Hoopdal,LIM361,DC36,LP,1295,2292.19
PD936016,Cumberland,LIM361,DC36,LP,54,2021.20
PD936017,Mokopane,LIM367,DC36,LP,51420,996.07
PD936018,Bulgerivier,LIM362,DC36,LP,184,2019.76
PD936019,Dorset,LIM362,DC36,LP,714,2532.41
PD936020,Mahwelereng,LIM367,DC36,LP,194759,557.94
PD936021,Tinmyne,LIM367,DC36,LP,59241,1895.33
PD936022,Lephalale,LIM362,DC36,LP,43101,5769.51
PD936023,Villa Nora,LIM367,DC36,LP,47809,2610.96
PD936024,Gilead,LIM367,DC36,LP,64215,1397.21
PD936025,Witpoort,LIM362,DC36,LP,33738,1025.36
PD936026,Tom Burke,LIM362,DC36,LP,11628,1892.87
PD947001,Dennilton,LIM472,DC47,LP,121778,432.44
PD947002,Groblersdal,LIM472,DC47,LP,13413,1556.43
PD947003,Roossenekal,LIM472,DC47,LP,12420,1027.89
PD947004,Zaaiplaas,LIM472,DC47,LP,15225,140.02
PD947005,Motetema,LIM472,DC47,LP,58047,271.93
PD947006,Hlogotlou,LIM473,DC47,LP,101501,406.65
PD947007,Matlelerekeng,LIM471,DC47,LP,44237,286.87
PD947008,Marble Hall,LIM471,DC47,LP,33477,921.86
PD947009,Rakgoadi,LIM471,DC47,LP,29249,437.28
PD947010,Burgersfort,LIM476,DC47,LP,83393,1472.96
PD947011,Nebo,LIM473,DC47,LP,112320,764.85
PD947012,Sekhukhune,LIM473,DC47,LP,157752,697.93
PD947013,Jane Furse,LIM473,DC47,LP,72296,310.97
PD947014,Ohrigstad,LIM476,DC47,LP,3009,813.72
PD947015,Masemola,LIM473,DC47,LP,54562,623.08
PD947016,Driekop,LIM476,DC47,LP,55534,169.94
PD947017,Leboeng,LIM476,DC47,LP,28048,387.02
PD947018,Tubatse,LIM476,DC47,LP,121755,943.55
PD947019,Apel,LIM476,DC47,LP,77128,726.17
PD947020,Mecklenburg,LIM476,DC47,LP,122111,892.80
PD830001,Volksrust,MP304,DC30,MP,39140,1309.50
PD830002,Mahamba,MP303,DC30,MP,13073,463.96
PD830003,Wakkerstroom,MP304,DC30,MP,12772,973.72
PD830004,Perdekop,MP304,DC30,MP,10835,1065.90
PD830005,Piet Retief,MP303,DC30,MP,153053,2680.69
PD830006,Dirkiesdorp,MP303,DC30,MP,51614,1361.80
PD830007,Daggakraal,MP304,DC30,MP,28889,596.84
PD830008,Sakhile,MP305,DC30,MP,43769,10.24
PD830009,Standerton,MP305,DC30,MP,59607,1901.73
PD830010,Amersfoort,MP304,DC30,MP,22140,1191.28
PD830011,Grootvlei,MP306,DC30,MP,8970,855.80
PD830012,Val,MP305,DC30,MP,1929,855.12
PD830013,Greylingstad,MP306,DC30,MP,6554,806.93
PD830014,Morgenzon,MP305,DC30,MP,11289,1275.77
PD830015,Charl Cilliers,MP307,DC30,MP,4026,491.23
PD830016,Sheepmoor,MP302,DC30,MP,10584,626.64
PD830017,Amsterdam,MP303,DC30,MP,43863,975.60
PD830018,Balfour MP,MP306,DC30,MP,20456,650.47
PD830019,Ermelo,MP302,DC30,MP,119774,1935.42
PD830020,Embalenhle,MP307,DC30,MP,129174,180.68
PD830021,Emzinoni,MP307,DC30,MP,66634,253.19
PD830022,Secunda,MP307,DC30,MP,17649,142.95
PD830023,Evander,MP307,DC30,MP,12187,109.66
PD830024,Trichardt,MP307,DC30,MP,5806,368.66
PD830025,Davel,MP302,DC30,MP,10994,616.46
PD830026,Leslie,MP307,DC30,MP,47608,804.99
PD830027,Fernie,MP301,DC30,MP,30812,164.91
PD830028,Kinross,MP307,DC30,MP,16303,91.61
PD830029,Bethal,MP307,DC30,MP,12497,1108.99
PD830030,Lothair,MP302,DC30,MP,25619,1137.90
PD830031,Chrissiesmeer,MP302,DC30,MP,11642,1102.20
PD830032,Mayflower,MP301,DC30,MP,47223,246.15
PD830033,Breyten,MP302,DC30,MP,22299,864.87
PD830034,Hartebeeskop,MP301,DC30,MP,15267,156.01
PD830035,Elukwatini,MP301,DC30,MP,94293,368.59
PD830036,Ekulindeni,MP301,DC30,MP,10441,462.65
PD830037,Carolina,MP301,DC30,MP,30443,2052.92
PD830038,Badplaas,MP301,DC30,MP,14230,1531.34
PD831001,Kriel,MP312,DC31,MP,44203,708.00
PD831002,Sundra,MP311,DC31,MP,10456,199.72
PD831003,Delmas,MP311,DC31,MP,88114,930.27
PD831004,Ogies,MP311,DC31,MP,11083,681.09
PD831005,Blinkpan,MP313,DC31,MP,9640,736.25
PD831006,Hendrina,MP313,DC31,MP,38139,1014.78
PD831007,Phola,MP312,DC31,MP,41733,301.53
PD831008,Witbank,MP312,DC31,MP,91400,823.53
PD831009,Vosman,MP312,DC31,MP,252535,551.59
PD831010,Mhluzi,MP313,DC31,MP,93232,167.16
PD831011,Waterval Boven,MP314,DC31,MP,8970,951.65
PD831012,Belfast,MP314,DC31,MP,20700,1319.41
PD831013,Middelburg MP,MP313,DC31,MP,103126,2783.69
PD831014,Machadodorp,MP314,DC31,MP,10626,888.78
PD831015,Verena,MP315,DC31,MP,36160,1080.14
PD831016,Kwamhlanga,MP315,DC31,MP,165121,722.67
PD831017,Laersdrift,MP314,DC31,MP,500,407.04
PD831018,Dullstroom,MP314,DC31,MP,8518,544.73
PD831019,Tweefontein,MP315,DC31,MP,108909,116.03
PD831020,Kwaggafontein,MP315,DC31,MP,120950,363.02
PD831021,Siyabuswa,MP316,DC31,MP,146264,242.36
PD831022,Vaalbank,MP316,DC31,MP,76220,502.81
PD831023,Mmametlake,MP316,DC31,MP,102372,671.02
PD832001,Mbuzini,MP324,DC32,MP,58235,327.18
PD832002,Tonga,MP324,DC32,MP,278687,663.38
PD832003,Barberton,MP326,DC32,MP,78505,1556.60
PD832004,Schoemansdal,MP324,DC32,MP,127202,324.93
PD832005,Low's Creek,MP324,DC32,MP,13779,393.34
PD832006,Kamhlushwa,MP324,DC32,MP,76098,266.55
PD832007,Kaapmuiden,MP326,DC32,MP,2858,197.43
PD832008,Malelane,MP324,DC32,MP,8025,441.81
PD832009,Ngodwana,MP326,DC32,MP,6541,819.06
PD832010,Matsulu,MP326,DC32,MP,77048,28.16
PD832011,Komatipoort,MP324,DC32,MP,29188,916.68
PD832012,Kanyamazane,MP326,DC32,MP,64446,45.92
PD832013,Nelspruit,MP326,DC32,MP,42971,1258.17
PD832014,Pienaar,MP326,DC32,MP,144601,230.99
PD832015,Kabokweni,MP326,DC32,MP,176264,250.09
PD832016,Witrivier,MP326,DC32,MP,34259,530.06
PD832017,Masoyi,MP326,DC32,MP,132580,198.83
PD832018,Sabie,MP321,DC32,MP,14976,853.60
PD832019,Lydenburg,MP321,DC32,MP,65880,2246.16
PD832020,Maartenshoop,MP321,DC32,MP,6066,795.16
PD832021,Hazyview,MP326,DC32,MP,49096,339.13
PD832022,Calcutta,MP325,DC32,MP,227785,580.10
PD832023,Graskop,MP321,DC32,MP,6325,530.57
PD832024,Pilgrim's Rest,MP321,DC32,MP,1773,454.31
PD832025,Bushbuckridge,MP325,DC32,MP,143836,440.27
PD832026,Skukuza,MP325,DC32,MP,2998,9756.99
PD832027,Dientjie,MP321,DC32,MP,21753,517.66
PD832028,Acornhoek,MP325,DC32,MP,179732,473.43
PD832029,Mhala,MP325,DC32,MP,199391,2535.91
PD306001,Sutherland,NC066,DC6,NC,3631,8967.30
PD306002,Middelpos,NC065,DC6,NC,524,5829.37
PD306003,Fraserburg,NC066,DC6,NC,4000,10366.96
PD306004,Nieuwoudtville,NC065,DC6,NC,1846,4066.33
PD306005,Calvinia,NC065,DC6,NC,13244,7824.41
PD306006,Williston,NC066,DC6,NC,4057,10704.84
PD306007,Loeriesfontein,NC065,DC6,NC,2880,11606.32
PD306008,Garies,NC064,DC6,NC,2807,7631.07
PD306009,Hondeklip Bay,NC064,DC6,NC,2022,2037.88
PD306010,Brandvlei,NC065,DC6,NC,3632,10261.27
PD306011,Kamieskroon,NC064,DC6,NC,10300,4680.74
PD306012,Kleinsee,NC062,DC6,NC,1698,2021.69
PD306013,Komaggas,NC062,DC6,NC,6095,1220.87
PD306014,Springbok,NC062,DC6,NC,9640,5442.03
PD306015,Aggeneys,NC062,DC6,NC,1544,3421.30
PD306016,Nababeep,NC062,DC6,NC,32397,2138.21
PD306017,Pella,NC067,DC6,NC,3217,4512.53
PD306018,Steinkopf,NC062,DC6,NC,15296,3121.78
PD306019,Port Nolloth,NC061,DC6,NC,17149,5009.73
PD306020,Vioolsdrif,NC062,DC6,NC,1868,1438.93
PD306021,Onseepkans,NC067,DC6,NC,2207,2230.66
PD306022,Alexander Bay,NC061,DC6,NC,7149,5192.33
PD307001,Loxton,NC071,DC7,NC,2065,3841.35
PD307002,Victoria West,NC071,DC7,NC,6173,6880.98
PD307003,Richmond NC,NC071,DC7,NC,7210,7256.69
PD307004,Noupoort,NC072,DC7,NC,8052,1481.38
PD307005,Hanover,NC073,DC7,NC,5325,3715.61
PD307006,Carnarvon,NC071,DC7,NC,7086,9233.26
PD307007,Colesberg,NC072,DC7,NC,10961,5088.76
PD307008,Kuyasa,NC072,DC7,NC,9169,4.06
PD307009,Sunrise,NC073,DC7,NC,21210,4.30
PD307010,Norvalspont,NC072,DC7,NC,1372,214.26
PD307011,Vosburg,NC074,DC7,NC,2739,4721.67
PD307012,De Aar,NC073,DC7,NC,13924,3235.70
PD307013,Britstown,NC073,DC7,NC,6138,6539.04
PD307014,Philipstown,NC075,DC7,NC,4578,2900.73
PD307015,Vanwyksvlei,NC074,DC7,NC,1518,6605.56
PD307016,Petrusville,NC075,DC7,NC,4499,2274.48
PD307017,Vanderkloof,NC075,DC7,NC,1766,365.40
PD307018,Strydenburg,NC076,DC7,NC,4352,3453.57
PD307019,Prieska,NC077,DC7,NC,20770,7617.04
PD307020,Marydale,NC077,DC7,NC,3892,4290.08
PD307021,Hopetown,NC076,DC7,NC,18190,4785.25
PD307022,Belmont,NC078,DC7,NC,442,2075.84
PD307023,Niekerkshoop,NC078,DC7,NC,2391,4258.64
PD307024,Douglas,NC078,DC7,NC,35815,2317.05
PD307025,Griekwastad,NC078,DC7,NC,8259,5431.31
PD307026,Campbell,NC078,DC7,NC,5193,2645.26
PD308001,Kenhardt,NC082,DC8,NC,5777,19487.25
PD308002,Pofadder,NC082,DC8,NC,2270,7318.00
PD308003,Kakamas,NC082,DC8,NC,34275,4225.06
PD308004,Groblershoop,NC084,DC8,NC,22597,7994.41
PD308005,Kanoneiland,NC082,DC8,NC,4564,496.37
PD308006,Keimoes,NC082,DC8,NC,23747,1838.66
PD308007,Augrabies,NC082,DC8,NC,12725,1852.83
PD308008,Rosedale,NC087,DC8,NC,54353,432.18
PD308009,Riemvasmaak,NC082,DC8,NC,2698,1335.19
PD308010,Pabalello,NC087,DC8,NC,17456,6.85
PD308011,Lime Acres,NC086,DC8,NC,3632,1481.03
PD308012,Postmasburg,NC085,DC8,NC,29472,3464.11
PD308013,Danielskuil,NC086,DC8,NC,16182,1515.32
PD308014,Upington,NC087,DC8,NC,39968,17491.09
PD308015,Olifantshoek,NC085,DC8,NC,11605,8064.82
PD308016,Noenieput,NC087,DC8,NC,450,7999.27
PD308017,Rietfontein,NC087,DC8,NC,10512,5036.03
PD308018,Witdraai,NC087,DC8,NC,3843,16251.91
PD309001,Modder River,NC091,DC9,NC,21705,1034.73
PD309002,Plooysburg,NC091,DC9,NC,3042,2175.02
PD309003,Kagisho,NC091,DC9,NC,50113,7.46
PD309004,Galeshewe,NC091,DC9,NC,80156,23.54
PD309005,Kimberley,NC091,DC9,NC,65399,1312.79
PD309006,Roodepan,NC091,DC9,NC,51715,40.59
PD309007,Barkly West,NC092,DC9,NC,29463,684.77
PD309008,Windsorton,NC092,DC9,NC,9187,1081.50
PD309009,Delportshoop,NC092,DC9,NC,18918,4028.80
PD309010,Warrenton,NC093,DC9,NC,27095,1117.94
PD309011,Boetsap,NC092,DC9,NC,422,1349.60
PD309012,Jan Kempdorp,NC094,DC9,NC,35144,309.31
PD309013,Pampierstat,NC094,DC9,NC,28035,37.71
PD309014,Hartswater,NC094,DC9,NC,16921,532.54
PD345001,Siyathemba,NC453,DC45,NC,1051,349.24
PD345002,Kathu,NC452,DC45,NC,14801,1898.80
PD345003,Kuruman,NC452,DC45,NC,21497,5210.57
PD345004,Deben,NC451,DC45,NC,3357,1486.48
PD345005,Wrenchville,NC452,DC45,NC,6064,16.68
PD345006,Mothibistad,NC451,DC45,NC,94093,1780.85
PD345007,Batlharos,NC451,DC45,NC,24530,875.53
PD345008,Van Zylsrus,NC451,DC45,NC,3522,6874.27
PD345009,Bothithong,NC451,DC45,NC,47458,1624.68
PD345010,Tsineng,NC451,DC45,NC,31159,2504.21
PD345011,Severn,NC451,DC45,NC,4655,6580.58
PD345012,Heuningvlei,NC451,DC45,NC,10020,2758.75
PD637001,Boons,NW373,DC37,NW,5394,460.66
PD637002,Koster,NW374,DC37,NW,37002,2548.53
PD637003,Rustenburg,NW373,DC37,NW,77029,834.78
PD637004,Hartbeespoortdam,NW372,DC37,NW,39346,415.64
PD637005,Mooinooi,NW372,DC37,NW,77683,303.51
PD637006,Marikana,NW373,DC37,NW,56027,468.96
PD637007,Mmakau,NW372,DC37,NW,42581,97.36
PD637008,Tlhabane,NW373,DC37,NW,81929,36.97
PD637009,Boitekong,NW373,DC37,NW,176104,159.83
PD637010,Swartruggens,NW374,DC37,NW,18068,1898.79
PD637011,Mothotlung,NW372,DC37,NW,17873,55.86
PD637012,Brits,NW372,DC37,NW,66266,726.45
PD637013,Bethanie,NW373,DC37,NW,23515,324.50
PD637014,Hebron,NW372,DC37,NW,62385,63.04
PD637015,Phokeng,NW373,DC37,NW,120773,886.86
PD637016,Letlhabile,NW372,DC37,NW,111142,183.48
PD637017,Lethabong,NW373,DC37,NW,29407,280.02
PD637018,Klipgat,NW372,DC37,NW,69839,186.37
PD637019,Moeka Vuma,NW371,DC37,NW,63531,220.40
PD637020,Madikwe,NW375,DC37,NW,53342,993.66
PD637021,Sun City,NW375,DC37,NW,46685,340.47
PD637022,Makapanstad,NW371,DC37,NW,103927,428.49
PD637023,Jericho,NW372,DC37,NW,15308,731.02
PD637024,Assen,NW372,DC37,NW,2224,1005.60
PD637025,Mabeskraal,NW375,DC37,NW,35764,934.08
PD637026,Bedwang,NW371,DC37,NW,24436,507.62
PD637027,Mogwase,NW375,DC37,NW,129148,2493.51
PD637028,Cyferskuil,NW371,DC37,NW,26398,221.71
PD637029,Dwarsberg,NW375,DC37,NW,11613,1037.37
PD638001,Ottosdal,NW382,DC38,NW,30078,1425.59
PD638002,Delareyville,NW382,DC38,NW,41443,2241.74
PD638003,Sannieshof,NW382,DC38,NW,25372,1093.17
PD638004,Madibogo,NW381,DC38,NW,43542,453.80
PD638005,Atamelang,NW382,DC38,NW,42230,604.33
PD638006,Biesiesvlei,NW384,DC38,NW,10768,1299.04
PD638007,Coligny,NW384,DC38,NW,24917,1470.80
PD638008,Mooifontein,NW383,DC38,NW,12539,329.47
PD638009,Mareetsane,NW381,DC38,NW,15114,755.40
PD638010,Setlagole,NW381,DC38,NW,29312,2449.52
PD638011,Itsoseng,NW384,DC38,NW,68394,431.64
PD638012,Lomanyaneng,NW383,DC38,NW,73287,386.88
PD638013,Lichtenburg,NW384,DC38,NW,65454,3550.99
PD638014,Tshidilamolomo,NW381,DC38,NW,17809,510.97
PD638015,Makgobistad,NW381,DC38,NW,19932,991.55
PD638016,Mmabatho,NW383,DC38,NW,161131,791.70
PD638017,Mahikeng,NW383,DC38,NW,92550,360.24
PD638018,Ottoshoop,NW383,DC38,NW,4259,1337.73
PD638019,Zeerust,NW385,DC38,NW,36797,1359.68
PD638020,Groot Marico,NW385,DC38,NW,8523,1124.23
PD638021,Lehurutshe,NW385,DC38,NW,69380,753.59
PD638022,Motswedi,NW385,DC38,NW,40665,1361.53
PD638023,Nietverdiend,NW385,DC38,NW,6072,2553.35
PD639001,Kgomotso,NW394,DC39,NW,30270,887.01
PD639002,Christiana,NW396,DC39,NW,27225,1702.70
PD639003,Taung,NW394,DC39,NW,122599,1302.01
PD639004,Bloemhof,NW396,DC39,NW,32588,1830.58
PD639005,Reivilo,NW394,DC39,NW,3270,2997.53
PD639006,Pudimoe,NW394,DC39,NW,45869,451.19
PD639007,Amalia,NW393,DC39,NW,6978,1521.28
PD639008,Ipelegeng,NW393,DC39,NW,50974,86.29
PD639009,Schweizer-Reneke,NW393,DC39,NW,12531,2179.42
PD639010,Huhudi,NW392,DC39,NW,21815,607.84
PD639011,Vryburg,NW392,DC39,NW,30920,3684.71
PD639012,Ganyesa,NW397,DC39,NW,66768,6563.95
PD639013,Stella,NW392,DC39,NW,8865,2476.06
PD639014,Piet Plessis,NW397,DC39,NW,2479,2542.95
PD639015,Morokweng,NW397,DC39,NW,36121,2591.81
PD639016,Boshoek,NW397,DC39,NW,2348,4078.43
PD639017,Vorstershoop,NW397,DC39,NW,206,3797.13
PD639018,Bray,NW397,DC39,NW,4190,2302.03
PD639019,Mokopong,NW397,DC39,NW,18,1948.15
PD640001,Makwassie,NW404,DC40,NW,20125,1481.45
PD640002,Leeudoringstad,NW404,DC40,NW,21220,1156.38
PD640003,Wolmaransstad,NW404,DC40,NW,48958,2251.44
PD640004,Orkney,NW403,DC40,NW,18671,438.26
PD640005,Jouberton,NW403,DC40,NW,125786,438.97
PD640006,Kanana,NW403,DC40,NW,98393,39.57
PD640007,Khuma,NW403,DC40,NW,57814,45.38
PD640008,Buffelshoek,NW405,DC40,NW,1026,702.82
PD640009,Stilfontein,NW403,DC40,NW,16867,463.78
PD640010,Klerksdorp,NW403,DC40,NW,84476,636.85
PD640011,Hartbeesfontein,NW403,DC40,NW,29085,1566.00
PD640012,Potchefstroom,NW405,DC40,NW,26363,1591.47
PD640013,Ikageng,NW405,DC40,NW,132864,196.98
PD640014,Ventersdorp,NW405,DC40,NW,51683,2756.38
PD640015,Klerkskraal,NW405,DC40,NW,873,1178.93
PD101001,Malmesbury,WC015,DC1,WC,85751,1093.61
PD101002,Riebeek West,WC015,DC1,WC,20144,610.57
PD101003,Darling,WC015,DC1,WC,19162,1065.01
PD101004,Langebaan,WC014,DC1,WC,18629,438.54
PD101005,Moorreesburg,WC015,DC1,WC,25014,1108.16
PD101006,Hopefield,WC014,DC1,WC,10289,872.36
PD101007,Porterville,WC013,DC1,WC,15405,916.52
PD101008,Saldanha,WC014,DC1,WC,45088,164.99
PD101009,Vredenburg,WC014,DC1,WC,62168,469.98
PD101010,Piketberg,WC013,DC1,WC,28700,868.75
PD101011,St Helena Bay,WC014,DC1,WC,18462,121.44
PD101012,Laaiplek,WC013,DC1,WC,19954,1145.09
PD101013,Eendekuil,WC013,DC1,WC,4771,710.48
PD101014,Citrusdal,WC012,DC1,WC,20845,1412.90
PD101015,Redelinghuys,WC013,DC1,WC,1247,651.53
PD101016,Elands Bay,WC012,DC1,WC,3255,464.30
PD101017,Clanwilliam,WC012,DC1,WC,18484,4402.00
PD101018,Graafwater,WC012,DC1,WC,6168,1160.41
PD101019,Lambertsbaai,WC012,DC1,WC,6555,526.49
PD101020,Klawer,WC011,DC1,WC,14212,558.64
PD101021,Doring Bay,WC011,DC1,WC,3150,531.46
PD101022,Vredendal,WC011,DC1,WC,21262,568.00
PD101023,Vanrhynsdorp,WC011,DC1,WC,10063,2528.04
PD101024,Lutzville,WC011,DC1,WC,15646,2178.18
PD101025,Nuwerus,WC011,DC1,WC,4711,6724.91
PD102001,Bonnievale,WC026,DC2,WC,11106,538.84
PD102002,Mcgregor,WC026,DC2,WC,3686,441.93
PD102003,Stellenbosch,WC024,DC2,WC,50336,373.80
PD102004,Cloetesville,WC024,DC2,WC,74301,20.91
PD102005,Brackenfell,WC024,DC2,WC,76389,53.05
PD102006,Groot-Drakenstein,WC024,DC2,WC,13580,144.78
PD102007,Franschhoek,WC024,DC2,WC,27296,306.37
PD102008,Ashton,WC026,DC2,WC,22243,292.23
PD102009,Robertson,WC026,DC2,WC,36658,846.96
PD102010,Klapmuts,WC023,DC2,WC,13919,210.66
PD102011,Rawsonville,WC025,DC2,WC,14572,599.47
PD102012,Paarl East,WC023,DC2,WC,91127,10.85
PD102013,Paarl,WC023,DC2,WC,49859,518.70
PD102014,Worcester,WC025,DC2,WC,147358,1403.57
PD102015,Mbekweni,WC023,DC2,WC,57645,9.22
PD102016,Montagu,WC026,DC2,WC,20353,2399.70
PD102017,Wellington,WC023,DC2,WC,51860,307.57
PD102018,De Doorns,WC025,DC2,WC,43799,493.10
PD102019,Wolseley,WC022,DC2,WC,20076,305.56
PD102020,Touws River,WC025,DC2,WC,10056,1490.60
PD102021,Tulbagh,WC022,DC2,WC,17439,488.67
PD102022,Saron,WC023,DC2,WC,14210,149.44
PD102023,Prince Alfred Hamlet,WC022,DC2,WC,22096,2839.85
PD102024,Ceres,WC022,DC2,WC,47477,7006.41
PD103001,Struisbaai,WC033,DC3,WC,9021,335.46
PD103002,Gans Bay,WC032,DC3,WC,19847,344.53
PD103003,Bredasdorp,WC033,DC3,WC,24420,2423.53
PD103004,Stanford,WC032,DC3,WC,7348,423.96
PD103005,Napier,WC033,DC3,WC,6771,809.59
PD103006,Hermanus,WC032,DC3,WC,85315,232.12
PD103007,Kleinmond,WC032,DC3,WC,19676,112.30
PD103008,Caledon,WC031,DC3,WC,36934,1459.88
PD103009,Grabouw,WC031,DC3,WC,60581,637.33
PD103010,Swellendam,WC034,DC3,WC,32685,2017.97
PD103011,Riviersonderend,WC031,DC3,WC,8763,794.63
PD103012,Genadendal,WC031,DC3,WC,13501,518.52
PD103013,Suurbraak,WC034,DC3,WC,4404,158.65
PD103014,Villiersdorp,WC031,DC3,WC,21461,695.01
PD103015,Barrydale,WC034,DC3,WC,9322,1428.96
PD104001,Still Bay,WC042,DC4,WC,9355,649.88
PD104002,Mossel Bay,WC043,DC4,WC,17335,11.60
PD104003,Albertinia,WC042,DC4,WC,13172,1226.32
PD104004,Heidelberg WC,WC042,DC4,WC,20883,1732.52
PD104005,Kwanokuthula,WC047,DC4,WC,31029,86.58
PD104006,Kwanonqaba,WC043,DC4,WC,55619,1244.07
PD104007,Riversdale,WC042,DC4,WC,28486,1769.98
PD104008,Da Gamaskop,WC043,DC4,WC,38517,321.88
PD104009,Pacaltsdorp,WC044,DC4,WC,37562,31.01
PD104010,Thembalethu,WC044,DC4,WC,95895,17.18
PD104011,Conville,WC044,DC4,WC,69231,10.20
PD104012,Groot Brakrivier,WC043,DC4,WC,30710,532.15
PD104013,Knysna,WC048,DC4,WC,96159,1139.44
PD104014,Plettenberg Bay,WC047,DC4,WC,34105,805.67
PD104015,George,WC044,DC4,WC,75944,2136.22
PD104016,Ladismith,WC041,DC4,WC,20986,4028.45
PD104017,Oudtshoorn,WC045,DC4,WC,108171,2366.13
PD104018,Uniondale,WC044,DC4,WC,14718,3127.21
PD104019,Calitzdorp,WC041,DC4,WC,11021,1113.98
PD104020,Dysselsdorp,WC045,DC4,WC,21180,349.82
PD104021,De Rust,WC045,DC4,WC,8379,645.13
PD105001,Laingsburg,WC051,DC5,WC,11215,7642.10
PD105002,Prince Albert,WC052,DC5,WC,12941,6301.10
PD105003,Leeu Gamka,WC053,DC5,WC,7166,5985.98
PD105004,Beaufort West,WC053,DC5,WC,59521,13517.78
PD105005,Murraysburg,WC053,DC5,WC,11330,5405.59
PD199001,Simon's Town,CPT,CPT,WC,11045,150.00
PD199002,Gordons Bay,CPT,CPT,WC,23407,56.23
PD199003,Ocean View,CPT,CPT,WC,40604,25.89
PD199004,Lwandle,CPT,CPT,WC,125925,7.87
PD199005,Strand,CPT,CPT,WC,65636,12.84
PD199006,Fish Hoek,CPT,CPT,WC,28148,41.96
PD199007,Muizenberg,CPT,CPT,WC,66065,30.77
PD199008,Strandfontein,CPT,CPT,WC,27894,10.15
PD199009,Somerset West,CPT,CPT,WC,87624,203.58
PD199010,Kirstenhof,CPT,CPT,WC,39232,36.35
PD199011,Harare,CPT,CPT,WC,180564,10.21
PD199012,Steenberg,CPT,CPT,WC,63868,8.94
PD199013,Mitchells Plain,CPT,CPT,WC,208704,22.04
PD199014,Macassar,CPT,CPT,WC,52420,29.46
PD199015,Grassy Park,CPT,CPT,WC,83273,28.50
PD199016,Makhaza,CPT,CPT,WC,110708,7.63
PD199017,Lingelethu-West,CPT,CPT,WC,86974,13.23
PD199018,Philippi,CPT,CPT,WC,31693,38.44
PD199019,Hout Bay,CPT,CPT,WC,58109,48.71
PD199020,Dieprivier,CPT,CPT,WC,48016,22.85
PD199021,Lentegeur,CPT,CPT,WC,95816,12.16
PD199022,Khayelitsha,CPT,CPT,WC,191977,7.73
PD199023,Samora Machel,CPT,CPT,WC,75887,2.86
PD199024,Philippi East,CPT,CPT,WC,89494,5.94
PD199025,Kleinvlei,CPT,CPT,WC,147356,27.19
PD199026,Wynberg,CPT,CPT,WC,27337,28.57
PD199027,Nyanga,CPT,CPT,WC,197820,8.78
PD199028,Lansdowne,CPT,CPT,WC,40891,11.30
PD199029,Mfuleni,CPT,CPT,WC,235074,28.67
PD199030,Gugulethu,CPT,CPT,WC,151017,7.80
PD199031,Claremont,CPT,CPT,WC,44089,19.94
PD199032,Manenberg,CPT,CPT,WC,56198,9.65
PD199033,Delft,CPT,CPT,WC,245310,17.87
PD199034,Camps Bay,CPT,CPT,WC,6519,17.80
PD199035,Athlone,CPT,CPT,WC,51129,11.34
PD199036,Rondebosch,CPT,CPT,WC,18249,7.67
PD199037,Bishop Lavis,CPT,CPT,WC,95735,13.40
PD199038,Mowbray,CPT,CPT,WC,10951,4.62
PD199039,Ravensmead,CPT,CPT,WC,64776,14.72
PD199040,Langa,CPT,CPT,WC,73751,3.51
PD199041,Belhar,CPT,CPT,WC,54666,8.41
PD199042,Kuilsrivier,CPT,CPT,WC,83543,39.22
PD199043,Cape Town Central,CPT,CPT,WC,38471,24.49
PD199044,Woodstock,CPT,CPT,WC,23259,9.42
PD199045,Pinelands,CPT,CPT,WC,26465,12.31
PD199046,Elsies River,CPT,CPT,WC,66484,13.12
PD199047,Bellville South,CPT,CPT,WC,28350,12.81
PD199048,Maitland,CPT,CPT,WC,14035,8.34
PD199049,Sea Point,CPT,CPT,WC,24282,7.52
PD199050,Kensington,CPT,CPT,WC,19646,6.06
PD199051,Goodwood,CPT,CPT,WC,41381,15.28
PD199052,Bellville,CPT,CPT,WC,72031,30.24
PD199053,Parow,CPT,CPT,WC,66869,31.86
PD199054,Milnerton,CPT,CPT,WC,119996,28.56
PD199055,Bothasig,CPT,CPT,WC,33904,14.26
PD199056,Kraaifontein,CPT,CPT,WC,278599,107.53
PD199057,Table View,CPT,CPT,WC,113454,69.76
PD199058,Durbanville,CPT,CPT,WC,104694,180.99
PD199059,Table Bay Harbour,CPT,CPT,WC,1183,14.28
PD199060,Melkbosstrand,CPT,CPT,WC,14560,83.78
PD199061,Philadelphia,CPT,CPT,WC,6810,268.33
PD199062,Atlantis,CPT,CPT,WC,103799,269.83
